ENGLISH ; RUSSIAN

not consecutively ; не подряд
not in a row ; не подряд
indicators ; показатели
community health center ; общественный медицинский центр
psychiatric response team ; психиатрическая бригада
scrub nurse ; операционная медсестра
a unit clerk ; секретарь отдела
a sleep clinic ; клиника сна
on file ; в архиве
on file ; в базе данных
day care ; дневной центр по уходу для детей и пожилых
sedatives ; успокаительные
duretics ; мочегонные
sedation ; успокоение
thyroid glands ; щитовидная железа
a feedback ; отзыв
a muscle relaxant ; мышечный релаксант
hives ; крапивница
blisters ; волдыри, мызоли
to distort (info) ; искажать
a corn on the foot ; мазоль на ноге
to drop off (smbd) ; высадить кого-то
a new intake ; ново-прибывшие
dialating drops (eyes/pupils) ; капли для расширения зрачка
blood clots ; кровяные тромбы
cholesterol plaque ; холестировая бляшка
plaque ; бляшка
artritis ; артрит
pacemaker ; кадиостимулятор
bypass ; шунтирование
a general urologist ; уролог общего назначения
a general practioner ; доктор общего назначения
to label ; маркировать
a gargling ; полоскание горла
to have a scratchy trhoat ; горло першит
a wheezing ; хрип
a whooping cough ; хрип
a treatment note ; справка о лечение
to irritate ; раздражать
to be evicted ; быть выселен
to reestablish (the treatment) ; возобновить (лечение)
an obvious pain ; явная боль
to infect (smbd) ; заражать (вирусом)
to be forced to ; вынужден
a catering order ; заказ на вынос
a discharge (e.g. liquid) ; выделения 
secretions (e.g. phlegm) ; выделения
phlegm ; мокрота
dialysis ; диализ
dialysis treatment ; лечение диализом
to undergo (a treatment) ; проходить (лечение)
to tie ; завязать
to untie ; развязать
a profound realisation ; глубокое осознание
True Positives ; истинно положительные показания
True Negatives ; истинно отрицательные показания
False Positives ; ложно положительные показания
False Negatives ; ложно отрицательные показания
Screening quesitons ; справочные вопросы
Grief ; горе
sorrow ; горе
mindfulness ; осознанность
central heat and air ; центраьлное опотление и кондиционирование
a refill (medications) ; пополнение по рецепту
a handicap sign ; инвалидный знак
a customer lifeline support ; служба поддержки клиентов
the main point ; основная мысль
eminent ; выдающийся
imminent ; неизбежный
to comply to ; следовать (правилам)
a figure (image) ; изображение
cognitive assessment ; когнитивное обследование
bathing ; купание
substance use ; употребление веществ
a stranger ; незнакомец
intoxication ; состояние опьянения 
intoxication ; интоксикация
a contribution ; вклад
a survey ; анкета
a surgery scheduler (profession) ; планировщик хирургических операций
the scheduler (profession) ; планировщик
malignant ; злокачественный
benign ; доброкачественный
a tumor ; опухоль
hyperthermia ; гипертермия
crowns (teeth) ; коронки
a clinical nurse ; клиническая мед-сестра
a prior authorization ; предварительное разрешение врача
a follow-up appointment ; повторный прием
sickle cells ; серповидные клетки
throat lozenge ; леденцы для горла
a mild dimentia ; легкая дименция
to accumulate ; накапливаться
a malfunction ; сбой
to malfunction ; дать сбой
jewelery ; драгоценности
whims ; капризы
whimsical ; капризный
to reschedule ; перенести
to reschedule an appointment ;  перенести приём
STI and STD ; инфекции и болезни, передающиеся половым путём
shingles ; опоясывающий лишай
a scope (field) ; сфера
to arrange a meeting ; организовать встречу
to torment ; мучать
Responders ; спасатели
Облучение ; radiation
Facial drooping (during stroke) ; опущение лица (во время инсульта)
To have a slurred speech ; заговариваться
to speak incoherently ; говорить неясно
A Drowziness ; сонливость
A Generic Councelor ; консультант по общим вопросам
To refund ; возмещение (средств)
A disposal ; утилизация
A reinbustment ; возмещение (средств)
A Motorist ; водитель
To Pick up (smbd) ; забрать кого-то
A District ; район
A gestational diabetes ; гестационный диабет
An endeavor ; стремление
To endeavor ; постараться
an eye reassessment ;  повторное обследование зрения
to be registered to vote ; быть зарегистрированным избирателем
a foot ; стопа
a sole ; подошва
podiatrist ; падолог
a county ; округ
painful masses ; болезненные наросты
painful growths ; болезненные наросты
a marketplace (insurance) ; биржа страхования
a long term care ; долгосрочный уход
HR administration ; администрация кадров
HRA ; Управление трудовыми ресурсами
customer support ; клиентская поддержка
housing needs ; жилищные нужды
to request a leave from work ; отпрашиваться с работы
a land line ; городской телефон
a threshold ; порог
a younger daughter ; младшая дочь
diaper ; подгузник
a baby formula ; детская смесь
wet diapers ; мокрые подгузники
humidifier ; увлажнитель
a nasal cannula ; назальная канюля
a pulse oximeter / SpO2 ; пульсоксиметр
an invoice ; счёт_фактура
intoxicated ; в опьянённом состояние
a decanter ; графин
отклеивать ; peel off
defective ; бракованный
to be relieved ; стало лечге
marital status ; семейное положение
groin hernia ; паховая грыжа
herneated disc ; межпозвоночная грыжа
intervertebral disc ; межпозвоночный диск
spinal disc ; межпозвоночный диск
infraumbilical hernia ; подпупковая грыжа
navel ; пупок
the pain goes up ; боль поднимается
an injury ; травма
stretches ; носилки
cane ; трость
crutches ; костыли
med cost ; медицинские расходы
a settlement ; рассчёт
worker compensation ; компенсация работника за травму
a hip ; бедро
thighs ; бедра
pain radiates to ; боль отдает в
disability ; инвалидность
approved ; одобрен
nurse practitioner ; практикующая медсестра
a house call ; вызов мед работника на дому
doctor's note ; справка от врача
a body shop ; мастерская по ремонту автомобилей
an auto repair shop ; автомобильная мастерская
deadline ; крайний срок
Grace period ; льготный период
gross montly income ; ежемесячный доход до вычета налогов
a tax declaration ; налоговая декларация
fixed interest rate ; фиксированная процентная ставка
favorable ; благоприятные (условия)
equity ; собственный капитал
down payment ; первоначальный платёж
a default ; неисполнение обязательст
a credit report ; кридитный отчёт
a credit check ; кридитная проверка
a balance transfer ; передов остатка или задолжности
a flat fee ; фиксированная плата
an underwriter ; страховой агент
a salvage value ; ликцидационная стоимость
an adjuster ; страховаой агент занимающийся рассмотрением страховых исков
an appraiser ; оценщик ущерба
upper respiratory tract infection ; инфекция верхних дыхательных путей
a tubal ligation ; перевязка маточных труб
to have one's tubes tied ; перевязать маточные трубы
tonsillectomy ; удаление гланд, миндалин
fallopian tubes ; маточные трубы
vasectomy ; вазэктомия
amniotic sack ; амниотическая оболочка
a hip joint ; бедренный сустав
a femur fracture ; перелом бедренной кости
a femur neck fracture ; перелом шейки бедренной кости
urethra ; мочеиспускательный канал
ureters ; мочеточники
uterus ; матка
to stitch a wound ; зашить рану
stictches ; швы
the bones healed incorrectly ; кости зажили неправильно
development stages ; этапы развития
development anomalies ; пороки развития
premenstrual syndrome ; предменструальный синдром
IUD (intrauterine device) ; внутриматочная спираль
a gown ; халат
a therapist ; психолог
терапевт ; врач
public health ; общественное здоровье
proper names ; имена собственные
cognitive impairments ; когнитивные нарушения
a scheduler ; планировщик
alternating ; чередующийся
mamary glands ; молочные железы
a complete blood count ; полный анализ крови
slow and steady process ; медленный и постепенный процесс
to monitor ; отслеживать
alchogol pads ; спиртные подушечки
barium liquid (for esophagus xray) ; бариевая жидкость (для рентгена пищевода)
enema ; клизма
a suction ; аппарат для отсасывания
spleen ; селезёнка
an affected area ; поражённая область
to apply topically ; применять местно
to charge (money) ; взимать плату (денег)
a breakdown of tissue ; разрушение ткани
HIV ; ВИЧ
mid wife ; акушерка
разрыв ; rapture
надрез ; incision
отёк ; swelling
print your name ; напишите имя печатными буквами
thicker blood ; более густая кровь
try vaginally (labor and delivery) ; попробовать роды естественным путем
a saving account ; сберегательный счёт
savings ; сбережения
inflamation of the bladder ; воспаление мочевого пузыря
a period (women) ; менструальный цикл
well child visit ; посещение педиатра для профилактики
a hazzard ; опасность
to restore ; восстанавливать
remotedly ; удалённо
to reset the meter ; перезапуск счётчика
fluctuations ; колебания
a heel ; пятка
an arising conflict ; возникающий конфликт
a suspension (from school) ; отстранение от занятий в школе
a cervical exam ; осмотр шейки матки
dilatation ; дилатация
dialation ; расширение
PA ; ассистент врача
a resident (med context) ; ординатор (медицинский)
an attendant (med context) ; санитар
lower back ; поясница
bum ; попа
an experience ; опыт
to expose oneself ; подвергаться
DNI ; не интубировать
DNR ; не реанимировать
A day care provider ; работник детского сада
miscarriage ; выкидыш
a colon (organ) ; толстая кишка
a balance (med) ; нарушение равновесия
PET SCAN ; позитронно-эмиссионная томография
CAT SCAN ; компьютерная осевая томография
A BLANKET ; одеяло
IV LINE ; капельница
RICH FOOD ; богатая пища (жирами, калориями)
low salt diet ; низкосолевая диета
a sex (intercourse) ; половой акт
tabacco products ; табачные изделия
a guardian of a child ; опекун ребёнка
to dismiss a case ; закрыть дело
it seems like ; Похоже что / Судя по всему
a damage ; ущерб / травма / повреждение
he is failing (the subject) ; он не успевает по предметам (школа)
enviromental science teacher ; учитель экологии
тест на хеликобактер пилори ; H. pylori
DHS ; министерство внутренней безопасности США
HRA ; Департмент социального обслуживания
heritage ; наследие
fatal/lethal outcome ; летальный исход
tremor ; дрожь / тремор
a state exam ; государственный экзамен
assigned ; назначенный / порученный
writing skills ; навыки письма
reading comprehension ; понимание прочитанного
to have a shaky ground in terms of math ; иметь слабую базу по математике
ELA teacher ; учитель английского языка
speech therapy ; речевая терапия / занятия с логопедом
они отстают от сверсников ; they are falling behind their peers
сверсники ; peers
primary language ; Основной язык
disposition ; склонность
aching pain ; тупая боль
to tolerate ; выносить (терпеть) боль
pending pyment ; платёж в ожидание
to receive a draft on 11th ;  получить счёт на оплату 11го числа
a credit ; зачисление
blood thinning medication ; лекарство для разжижения крови
credit score ; кридитный рейтинг
make a partial payment ; сделать частичный платёж
statement ; выписка
payment plan arrangement ; договорённость о рассрочке платежа
tourist visa ; тур виза
recertification ; повторная сертификация
social services ; социальные услуги
customer service ; услуга поддержки клиентов
задняя фара ; tail lights
insignificant / negligible ; незначительный
degree of desease ; степень заболевания
oxygen equipment ; кислородное оборудование
contributes to the shortness of breath ; способствует отдышке
severe symptoms ; тяжелые симптомы
to endure ; выдерживать / терпеть
blood thinner ; расжижитель крови
a debt ; задолженность
DHS ; Министерство внутренней безопасности США
ACS (administration of children services) ; Администрация по делам детей и семей
ACF (administration of children and families) ; Администрация по делам детей и семей
stoma ; стома
a colostomy ; колостома (вывод толстой кишки)
an ileostomy ; илеостома (вывод тонкой кишки)
a urostomy ; уростома (вывод мочеточников)
a stoma bag ; мешок для стомы, калоприёмник
a scar ; шрам
a rectum ; прямая кишка
a colon ; толстая кишка
small intestine ; тонкая кишка
a bowel ; кишка
tumor ; опухоль
mixes up/mistook ; спутал
to have a confusion ; иметь спутанность сознания
to be confused ; быть в замешательстве
I was covering for him ;  я дежурил за него
written report ; письменный отчёт
a-fib ; мерцательная аритмия
attending doctor ; руководящий врач
suppositories (rectum) ; свечи
written consent ; письменное согласие
a report ; отчёт
aftercare ; послеоперационный/последующий уход
in the unit ; в отделении
to guide by ; направлять по
to guide by the hand ; направлять за руку
extracellular ; внеклеточный
intracellular ; внутриклеточный
to walk through ; проводить через/демонстрировать
to walk through the process ; показать процесс
appointment desk ; стойка регистрации
a desk, a counter ; стойка
an adjustment ; корректировка
to adjust ; корректировать
to route ; перенаправлять
to route to a specialist ; направлять к специалисту
to navigate ; ориентироваться
to navigate the website ; ориентироваться на сайте
lately ; в последнее время
family health center ; семейный медицинский центр
while standing ; (в положении) стоя
a rotator cuff ; вращающая манжета плеча
deterministic ; определённый
take an edge off (the pain) ; облегчить/снять боль
precautions ; меры предосторожности
bed rest ; постельный режим
to be on bed rest ; быть на постельном режиме
shoulder cuff injury ; травма вращающей манжеты плеча
to be in a sling ; быть в повязке
a sling ; повязка
member services ; служба поддержки клиентов
to be in a cast ; быть в гипсе
a cast ; гипс
to be in a boot ; быть в ортопедической обуви
a boot ; ортопедическая обувь
a fracture ; перелом
a strain ; растяжение
hospital stay ; пребывание в больнице
advisor ; консультант
muscles have tightened ; мышцы затянулись
to have a tight muscle ; иметь напряжённую мышцу
to face that wall ; лицом к стене
necklase ; ожерелье
hold steady as possible ; держаться как можно устойчивее
to put it back on ; снова надеть это
grooming ; уход за собой/приведение себя в порядок
mobile crisis team ; мобильная кризисная бригада
immediate response team ; бригада немедленного реагирования
tension ; напряжение
please lay down ; пожалуйста, ложитесь
lean up here ; опереться здесь
to be in a prone position ; быть в положении лёжа на животе
to be in a supine position ; быть в положении лёжа на спине
to be in a lateral position ; быть в положении лёжа на боку
to be in a sitting position ; быть в положении сидя
to be in a standing position ; быть в положении стоя
to be in a kneeling position ; быть в положении на коленях
extension number ; добавочный номер
to be on hold ; быть в режиме ожидания
to kick out ; выгонять
home care services ; служба ухода на дому
a home care provider ; работник службы ухода на дому
a home care agency ; агентство по уходу на дому
a home care worker ; работник службы ухода на дому
a home care nurse ; медсестра службы ухода на дому
a home care aide ; помощник по уходу на дому
a home care assistant ; помощник по уходу на дому
a home health nurse ; медсестра по уходу на дому
caregiver ; лицо осуществляющее уход
home attendant ; домашний помощник
to prevent ; в целях предотвращения (образования)
stomach acid ; желудочный сок
to remove stitches ; снимать швы
gladly ; с радостью
compasssion ; сострадание
we are commited ; мы нацелены
indifferent ; безразличный
daugter in law ; невестка
son in law ; зять
eligible for ; имеющий право на
so far so good ; пока всё хорошо
caregiver ; сиделка/лицо, осуществляющее уход
discontinued ; прекращённый
are you behind ; вы отстаете?
are you behind on your payments ; вы отстаете с платежами?
take a break ; сделать перерыв
keep on squueezing ; продолжать сжимать
Следует лучше изучить этот вопрос ; Следует лучше изучить этот вопрос
REI (Reproductive Encocrinology and Infertility) ; Репродуктивная эндокринология и бесплодие
Type and screen ;  определение группы крови и сриннинг антител
hospital billing ; больничный счет
whatsoever ; вовсе, совершенно
CDC ; Центры по контролю и профилактике заболеваний
within normal limits ; в пределах нормы
prenatal services ; пренатальные (предродовые услуги)
in the lower limit of normal ; в нижней границе нормы
pre eclampsia ; преэклампсия
a blood pressure cuff ; манжета для измерения кровяного давления
dispute of the charge ; оспаривание начисления
maintenance (med) ; содержание
maintenance fee ; плата за обслуживание
credit limit increase ; увеличение кредитного лимита
to prevent blood clots ; чтобы предотвратить образование кровяных тромбов
atrial fibrillation ; мерцательная аритмия
A1C test ; тест на гликированный гемоглобин
shadowing (med) ; затемнение
prostate ; предстательная железа
a prostate exam ; осмотр предстательной железы
a prediabetes ; преддиабет
alchogol abuse ; злоупотребление алкоголем
tripped ; споткнулся
to trip ; споткнуться
humorous ; юмористический, шутливый
intrauterine pregnancy ; внутриматочная беременность
ectopic pregnancy ; внематочная беременность
apendicitis ; аппендицит
apendix ; аппендикс
histerectomy ; удаление матки
bone density test ; тест плотности костей
osteoporosis ; остеопороз
osteopenia ; остеопения
a hearing aid ; слуховые аппараты
a buildup ; накопление
stretching ; растяжение
scar tissue ; рубцовая ткань
to be in a wheelchair ; быть в инвалидной коляске
a wheelchair ; инвалидная коляска
billirubin level ; уровень билирубина
a bilirubin test ; тест на билирубин
trigeminal neuralgia ; невралгия тройничного нерва
Mucous membrane ; слизистая оболочка
while you are sitting at rest ; пока вы сидите в покое
too tight ; слишком туго
a headband ; повязка на голову
push yourself ; напрягаться
to be moderately out of breath ; быть в умеренной степени одышки
pharmacist ; фармацевт
counceling ; консультирование
prorated charges ; пропорциональные начисления
plain water ; простая вода
doesnt taste well ; не вкусно
to be dissmissed from school ; быть освобождённым от школы
he will be here momentarily ; он будет здесь в ближайшее время
геморой ; hemorrhoids
will return to an original state ; Вернется в исходное состояние
pending payment ; платёж в ожидании
sleep apnea ; апннеа сна
poor emergence from anesthesia ; плохое пробуждение от анестезии
emergency contact ; контакт для экстренной связи
matternity ward, hospital ; роддом
auto mechanic ; автомеханик
COPD ; ХОБЛ (хроническая обструктивная болезнь лёгких)
authorization request ; запрос на разрешение
to be authorized ; быть одобренным
annaul heatlh checkup ; ежегодный медицинский осмотр
guidelines ; директивы
to be in compliance with ; соответствовать
did not object ; не возражал
UTI (Urinary Tract Infection) ; инфекция мочевыводящих путей
vaginal swabs ; вагинальные мазки
illegible handwriting ; неразборчивый подчерк
hemorrhage ; Кровоизлияние
Throughout the year ; В течение года
Frustrated ; Разочарован
Fine Motor Sckill ; Навыки мелкой моторики
to consider ; рассмотреть, учитывать
internal medicine doctor ; врач-терапевт
marital status ; семейное положение
to hesistate to ask for help ; не решаться попросить о помощи
daily activity ; ежедневная деятельность или занятия
everybody present ; все присутствуют
Lay your legs flat ; выпрямьте ваши ноги
swaddle ; закутывать
to take a peek ; заглянуть, подсмотреть
management office ; оффис управления
maintenance office ; оффис обслуживания
a recess ; углубление
to recover ; восстанавливаться
discharge instructions ; инструкция по выписке
CCH (Center for Community Health) ; Центр общественного здравохранения
eye chart ; таблица для проверки зрения
squinting ; прищюриваться
eyelid ; веко
homeopathic remedies ; гомеопатические средства
clear broth ; бульон состоящий только из жидкости
light broth ; легкий бульон
past surgery history ; Анамнез перенесенных операций
prenatals ; витамины для бедренных
staphylococcus ; стафилокок
i will give you some privacy ; Я предоставлю вам личное пространство
to reposition ; изменить положение
ground (minced) food ; перемолотая пища
unpleasant to swallow ; неприятно глотать
to moisten with saliva ; смачивать слюной
cream of wheat ; манная каша
not compatible ; не совместим
to apply pressure ; приложу немного давления, поднажму
vigilant ; бдительный
occupational therapy ; эрготерапия
retention ; задержка
encapsulated fluid ; осумкованная жидкость
interventional radiology team ; Команда интервенционной радиологии
feeding tube ; Зонд для кормления
a community ; сообщество
as of now ; на данный момент
get the stomach in order ; привести желудок в порядок
a surgery request ; заявка на операцию
as ur earliest convinience ; при первой же возможности
hands are shaking ; руки трясутся
employee, staff member ; сотрудник
service initiation appointment ; приём для начала обслуживания
do you pass gasses ; вы выпускаете газы
a care plan ; план по уходу
a manage plan ; план лечения
disclosure ; разглашение
non-discrimination rights ; права не быть дискриминоранным
it is not characteristic of her ; это ей не свойственно, не в ёё характере
eye clinic ; глазная клиника
fatigue ; утомляемость
to feel down ; чувстовать себя подавленно
hold off ; отложить
vocation ; отпуск
notice ; извещание
anxiety ; тревога
restratining order ; запретительный судебный приказ
child protective specialist ; специалист по защите детей
child protective services ; служба защиты детей
ACS ; администрация по делам детей
elevated BP ; повышенное артериальное давление
manufacturer ; производитель
water pills, duretics ; мочегонное средство
vascular surgery team ; отделение сосудистой хирургии
makes sense ; логично
to wrap up the visit ; подвести итог визита
as it was before ; как и было до этого
operated leg ; прооперированная нога
apple sauce ; яблочное пюре
to upset the stomach ; растроить желудок
the readings of the monitor ; показатели монитора
home health aid ; домашний помощник по уходу
todo list ; список дел
to wish smbd strong health ; желать сильного зводорья
an established routine ; установленный режим
service data ; дата обслуживания
better than before ; лучше чем было (ранее)
slippers ; тапочки
to feel steady ; чувствовать уверенно (в походке)
ID bracelet ; идентификационный браслет
nurse care manager ; 
medical supplies ; мед принадлежности
paystub ; платёжная ведомость
itching ; зуд
readings ; показатели
alchogol swabs ; спиртовые салфеткимедсестра координатор по уходу
terms of service ; условия обслуживания
diabetic education appointment ; приём по обучению диабете
currency exhange ; пункт обмена валюты
heavy bleeding ; обильная кровь
burning the lining of the uterus ; прижигание слизистой оболочки матки
hormone replacement therapy ; гормонально заместительная терапия
vaginal test swab ; вагинальный мазок
claims department ; отдел претензий (исков)
service department ; отдел обслуживания
to crumble ; крошить
speech language pathologist ; специалист по потологии речи
narrow throat passage ; маленький проход в горле
excess fluid ; избыток жидкости
stomach acid ; желудочный сок
medical clearance ; разрешение от врача
from the waist down ; ниже пояса
cover with the sheet ; накройтесь простыней
a growth of the fetus ; рост плода
on temple ; на виске
muscle aches ; мышечные боли
to drift you into the sleep ; это погрузит вас в сон
child care appointment ; приём по уходу за ребёнком
to wave signature ; отказаться от подписи
shipping carrier ; транспортная компания
tracking info ; данные для отслеживания
UPS united parcel service ; объединенная служба посылок
pharmacy regulations ; фармацевтическое законодательство (правила)
community health plan ; план общественного здравохранения
human trafficking victim ; жертва торговли людьми
pelvic exam ; гинекологический осмотр
How far along are you ; На каком вы сроке(pregnancy context)
Genetic chromosomal screening ; Генетический хромосомный скрининг плода (ребенка)
to scoop down ; наклониться, пригнуться, сутулиться
to get in the way ; мешать
power of attorney ; доверенность
healthcare proxy ; письменная мед доверенность, лицо с доверенностью представлять интересы больного
loan company ; кредитнвя компания
loan account number ; номер кредитного счета
the roof my one's mouth is freezing ; нёба мерзнет
hot flashes ; приливы жара
overgrowth of the uterus ;  черезмерное разрастание матки
To document in the case file ; зафиксировать в деле
To place on record ; зафиксировать в деле
зафиксировать в дело ; зафиксировать в деле
emergency contacts ; Контактные лица на случай чрезвычайной ситуации
UPMC (University of Pittsburgh Medical Center) ; УПМЦ (Университетский медицинский центр Питтсбурга)
enzoma ; лишай
we are all set ; на этом всё
cervical spine ; шейный отдел позвоночника
scar cream ; крем для шрамов
spotting ; кровянистые выделения
termination letter ; письмо о рассторжение договора
termination of vouncher ; прекращение действия ваучера
Boston Housing authority ; жилищное управление бостона
infection doctor ; инфекционист
to get flustered ; смущаться, расстеряться
is misspeled ; допущена ошибка, написана с ошибкой
speech ; речь
nostril ; ноздря
to get repositioned ; сменить положение тела
to scoop legs to the side of the bed ; перенести ноги к краю кровати
how bad is your pain right now ; насколько сильно у вас сейчас болит?
to shiver ; дрожать, содрагаться
a bone rattling pain ; пронизывающая до костей боль
bed pan ; судно, утка (писуар)
to rattle ; греметь
orthopedic surgery team ; команда ортопедической хирургии
an underpinning ; основа, фундамент
is chipping away ; тихо тихо разрушается
As long as you are flexible with appointments, it will work ; Если вы сможете подстроиться под график приёмов, всё получится
clearance ; допуск, разрешение
2 slides of stairs ; 2 лестничных пролёта
I dont think so but i want to be complete ; я так не думаю, но хочу довести дело до конца
Resection of lung ; удаление части легкого
lung lobe ; лёгочная доля
remarkable assistance ; замечательная помощь
for future reference ; для справки в дальнейшем
be mindful of this ; будьте учтивыми и помните это
left unnatented ; оставлен без внимания
to consolidate the debts ; объединить задолженности
cosigner ; соподписчит
vehicle as collateral ; маишну под залог
pending approval ; на рассмотрение
secured loan ; кредит под залог
loan ; кредит
to sign a contract ; подписать контракт
We can't move forward with application ; дальнешее рассмотрение заявки невозможно
orthopedic surgery ; ортопедическая хирургия
exam room ; кабинет осмотра
exhausted ; истоощен, уставший
to flex a tendon ; сгибать (задкйствовать) сухожилие
thigh muscles ; Мышца бедра
stretch the legs ; расстянуть ноги
cruthces ; костыли
a doppler ; 
проходисомть вен    

bulky ; грамодзкий
a splint ; шина
to put a splint on ; наложить шину
vaginal speculum ; влагалищное зеркало
the cord ; шнур
to tigthen or loosen ; затянуть или ослабить
risks and benefits ; выгоды и риски
can we start by getting your ph-n and name ; давайте начнём с вашего ФИ и номера телефона
abnormal readings ; значения с отклонением (аномальные)
sleeves ; рукава
concern team ; группа по работе с жалобами
closet ; шкаф
ambulette ; Специальный Мед автомобиль
assisted living facility ; дом престарелых
venus reflux or venus insufficiency ;  венозный рефлюксвенозная недостаточность
HIPPA ; закон об ответсвенности и переносе данных о страховании здоровья граждан
D and C Dialation and Curettage ; Дилатация и выскабливание
D and A Dialation and Aspiration ; Дилатация и аспирация
D and X Dialation and Extraction ; Дилатация и извлечение
Extraction ; извлечение
To narrow down ; сузить
primary care visit ; визит к лечащему врачу
annual renewal ; ежегодное продление
to have a disposition for ; предрасположенность, склонность к
a heel of the leg ;  пятка ноги
an ankle of the leg ; лодышка, голонестопный сустав
sheets of the bed ; простыня, постельное бельё
cash assistance ; денежное пособие
pre k ;  дошкольное образование
stomach upset ; растройство желудка
protonix ; протониз, пантопразо
UPS, united parcel service ; Объединённая почтовая служба
performance ; производительность
grab bars ; поручни в душе
im setting ur expectation ; я формирую ваши ожидания
adrenal glands ; надпочечники
pancreas ; поджелудочная железа
an attack ; приступ
aching pain ; ноющая боль
thick, dense ; густой, плотный
imaging table ; Диагностический стол
with minimal assistance ; При минимальном содействии
disc protrusion ; Межпозвоночная протрузия
to issue a bill ; выставить счёт
to resubmit a bill ; повторно выставить счёт
i will touch base with you ; я свяжусь в вами
lets touch base next week ; давайте свяжемся на след неделе
sensory deficit ; Дефицит чувствительности
preparid label ; предоплаченная этикетка
ADHD ; СДВГ (Синдром дефицита внимания и гиперактивности)
spine team ; Команда специалистов по лечению позвоночника
prescription care specialist ; Специалист по работе с рецептами
nuclear medicine scan ; Радиоизотопное сканирование
myelogram ; Миелография (procedule) Миелограмма (image)
bone density xray ; Рентген для измерения плотности костной ткани
DEXA scan ; Денситометрия
edema ; отёк
insulated ; изолирован
skin breakdown ; нарушение целостности или разрушение кожи
bileduct ; желчный проток
gallbladder ; желчный пузырь
bladder ; мочевой пузырь
a bypass ; шунтирование
cannula ; канюля
ECT ; электросудорожная терапия (ЭСТ)
ноги проваливаются
unsteady on feet
home helath services
to warm up legs
to get acclimated
нагрузка
rods ; стержни

strenuous activity ; интенсивная физическая нагрузка,напряженная деятельность
what is your understand ; в вашем понимание что это
gut feeling ; предчувствие
spine collapses ; Позвоночник со временем проседает
a curvature ; изгиб, кривизна
blurry image ; размытое изображение
stay still ; не двигайтесь, стойте смирно
hill ; холм
supply with blood ; снабжать кровью
to draw blood ; брать кровь
pins and needle sensation ; ощущение покалывания
in compression ; в сжатом состоянии
powder ; порошок
psycho meds ; психотропные препараты
feel suicidal or homicidal now ; чувствуешь себя сейчас склонным к суициду или убийству?
blood draw ; забор или взятие крови
assistive technology evaluator ; специалист по оцениванию вспомогательных технологий
inflamation ; воспаление
swelling ; отёк
not urgent ; срочный
patient authorization form ; форма согласия пациента
breast center ; мамологический центр
the call will be of medical nature ; звонок будет медицинского характера
colostomy ; Колостома
she is getting agitated ; она начинает нервничать
nephrostomy ; нефростома
needed to drain the fluid from lungs ; нужно было откачать жидкость из легких
pins and needles ; ощущение покалывания
overwhelmed ; перегружен
shift the weight ; смещать вес
get those legs straight ; выпрямите ваши ноги
tighten a muscle ; напрягите мышцу
hair loss ; выпадение волос







stool softener ; смягчитель стула
a pump ; помпа
INR level ; уровень МНО Международного нормализованного отношения
consequence of virus ; последствия вируса
nutritionist ; диетолог
hard to handle so much ; сложно перенести так много
jeopardize ; подвергать опасности
home health ; медицинский уход на дому
to check in here ; оформить прибытие
a template ; шаблон, образец
to be oblivious ; быть не обращающим внимания, не замечающим
complacency ; самоуспокаемость
setbacks ; неудачи,откаты назад
favorable ; Благоприятный
heat pads ; грелки
folic acid ; фолиевая кислота
masses ; образования
too stiff ; Слишком скованный
a day stay ; дневной стационар
do you want to be listed there ; Хотите, чтобы вас внесли в этот список
facility directory ; Справочник пациентов
with asntisptic wash ; С антисептической обработкой
dislocation and loosening ; вывих и расшатывания, ослабления
stiffness ; скованность
muslce skeletal function ; Функция опорно-двигательного аппарата
Osteoarthritis ; Остеоартрит
recovery room ; послеоперационная палата
Endoprosthetics ; эндопротезирование (замена сустава)
primary Osteoarthritis ; Первичный Остеоартрит
unlikely ; маловероятно
cauterization ; прижигание
спину хватает ; a back seized up

advanced will directive ; Предварительное медицинское распоряжение
power of attorney ; доверенность
healthcare proxy ; письменная мед доверенность, лицо с доверенностью представлять интересы больного
living will ; Прижизненное завещание

an advanced disease ; запущенная стадия болезни
a trust with a lawyer ; Доверительная собственность, оформленная адвокатом
Will it resolve on its own ; оно само рассосётся?
CBC complete blood count ; общий анализ крови
a pain pump ; насос для введения обезболивающих
we will call you if there is smth concerning ; Мы позвоним вам, если возникнет что-то беспокоящее
children's camp, summer camp ; детский лагерь
to bill insurance ; выставлять счета страховой компании
a baseline ; базовый уровень
to interract ; взаимодействовать
creatimine ; креатимин
Obstacles ; препятствия
things go smoothly ; Всё идет гладко
dignity ; достоинство
gurgles ; урчание
a tender touch ; нежное прикосновение
Standard data and SMS rates may apply. ; Могут применяться стандартные тарифы на передачу данных и СМС
Data and messaging rates may apply according to your service plan ; Может взиматься плата за трафик и сообщения по условиям вашего тарифного плана
uterine fybroid ; миома матки
opacification in the part lung ; Затемнение участка лёгкого
breathing rate ; Частота дыхания
eardrum tube ; Ушной шунт
wheezing ; хрипение
consequences of virus ; последсвия вируса
self limiting ; Проходящий самостоятельно, Самоограничивающийся
rumbling sounds ; Грохот
move feet ; пошевелите ступнями 
unintenantional weight loss ; непреднамеренная потеря веса
torso ; туловище
im shaking all over ; меня трясёт всю
to flush iv ; промывать внутренный катетер
a full code ; Полный объем реанимационных мероприятий
ressasitative effort ; Реанимационные мероприятия
full code ; Полный объем реанимационных мероприятий
cultural, spiritual and religious i need  ; культурные, духовные и религиозные обычаи а которых мне нужно знать
lay flat ; ложитель горизонтально
bowel clean out ; очищение кишечника
NG tube ; назогастральный зонд 
enema ; клизма
suppositories ; свечи
deficit of hearing ; нарушение слуха
to yawn ; зевать
to boost you in the bed ; подтянуть в кровати
feet ; ступни
you are all set ; мы закончили, на этом всё
G tube (Gastrostomy tube) ; Гастростомическая трубка






a bypass ; шунтирование
complications ; осложнения
he skinned his knee ; он сдёр коленку
crawling on all fours ; ползал на четвереньках
keep bumping into everything ; стукаюсь по всюду
collarbone ; ключица
соображать нормально ; to think clearly
голень ; shin
щиколодка ; ankle
compression stockings ; компрессионные чулки
radio frequency ablation ; радиочастотная абляция
they numb the skin around this area ; кожу вокруг этого региона обезболивают
vascular surgeon ; сосудистый хирург
kyphosis ; кифоз
if the dressing gets saturated ; Если повязка пропиталась
septal deformity ; Искривление носовой перегородки
internal rotation ; внутреннее вращение
allignment of the legs ; положение ног
curvature in the spine ; искривление позвоночника
core strengthening exercises ; упражнение для укрепления мышц пресса
roundness over here ; выпуклость здесь
orthopedist ; ортопед
more space ; больше пространства
pancreatic lesions ; Поражения поджелудочной железы
pancreatic cancer ; Рак поджелудочной железы
a setting ; обстановка
to squeeze eyelids ; зажмуриться
to pull an eyelash ; выдернуть ресницу
pupil ; зрачки
hemorrhage ; Кровоизлияние
пропадало зрение ; vision was failing
xray tecnician ; Рентгенолаборант
sinus infection ; гайморит, воспаление пазух
tenderness ; болезненность, чувствительность (при пальпацие)
metal plates, pins and rods ; металические пластины, спицы и стержни
scrub nurse ; Операционная медсестра
much more common ; гораздо более распространенный
larengial mask (anasthesia) ; Ларингеальная маска
convergence and divergence ; схождение и расхождение
skin tear ; разрыв кожи

preschool ; садик
velcro ; липучка
porkupine ; дикобраз
strangers ; посторонние люди
more advanced ; более продвинутый
парила ногу ; steamed my foot
colon surgeon ; 
proctologist ; проктоог
epsom salt ; английская соль
to do soaking ; делать замачивания
refined carbohydrates ; 
saturated fats ; насыщенные жиры
animal products ; продукты животного произхождения
ldl cholesterol (ЛПНП) ; липопротеины низкой плотности
range of motion ; диапазон движения, подвижность суставов
COPD chronic pulmonary lung disease ; Хроническая обструктивная болезнь легких (ХОБЛ)
can you roll up your sleeve ; можете поднять рукав
earwax ; ушная сера
прободная язва ; perforated ulcer
to take on everything ; за всё браться
a marker of muscle breakdown (test) ; Показатель разрушения мышц
to do stretching ; делать расстяжку
растворимый кофе ; instant coffee

cement (bone) ; костынй цемент
kyphoplasty ; кифопластика
muttiple fractures in the spine ; множенственные переломы позвоночника
nice and tight ; плотно прилегает
a brace ; карсет
conservative treatment ; консервативное лечение
chiropractic treatment ; лечение у хиропарктора
трещина в позвонке ; vertebral fracture
an underlying problem ; первопричина или основное заболевание
crooked ; искривлённый
most preventable ; наиболее предотвратимый
undiognized ; невыявленный
lentils ; чечевица
digestive system ; пищеварительная система
to strain ; напрягаться
a colon surgeon ; хирург проктолог
high quality life ; Высокое качество жизни
tumor ; опухоль
To produce excessive hormone ; Производить избыточное количество гормона
PTH hormone ; Паратиреоидный гормон
the join can bend backwards a bit ; сустав немного выгибается назад
a splint or sling ; шина или поддерживающая повязка
to torn the ligaments ; порвать связки
отсидела ногу ; my leg fell asleep
cervical lymph node ; Шейный лимфатический узел
noid sinus ; Клиновидная или основная пазуха
nothing discrete ; Никаких четких образований
глотка ; Pharynx
уплотнение на шее ; Lump in the neck
nonspecific binding ; Неспецифическое накопление
salivary gland ; слюнная железа
nonspecific binding around the left salivary gland ; Неспецифическое накопление в области левой слюнной железы
confuse ; спутанность сознания
a brace on the arm ; фиксатор руки
canned foods ; консервированные продукты


синдром белого халата ; white coat syndrome
it will be a bit tight (BP cuff) ; манжета будет немного давить
need to withdraw money ; нужно снять деньги
mental health hospital ; психиатрическая больница
extra fluid ; избыточная жидкость
to get extra fluid out ; вывести избыточную жидкость
a good relief ; хорошее облегчение
muscle seized up ; сводят мышцы
anti-inflamatory ; противовосполительный
ремиссия ; remission
lean back ; откинуться назад
did airbags deploy ; Сработали ли подушки безопасности
chaplain ; священник
chaperone ; мед сопровождающий



фтизиатр ; tb specialist
intramuscularly ; внутримышечно
subcutaneously ; внутрикожно
cereal ; хлопья, злаки
whole cow's milk ; цельное коровье молоко
baby formula ; детское питание, смесь
Meningococcal vaccine ; Менингококковая вакцина
lead ; свинец
red patches on the skin ; покраснения
children outgrow it ; у детей проходит с возрастом
polen ; пыльца
anything can cause it ; это может быть вызвано чем угодно
it is very common ; это очень распространенно
eczema ; дерматит или экзема
a lesion ; поражение
to loosen a gown ; ослабить или расстянуть халат
a slurred speech ; заикание
to draw blood ; сдать кровь
a blood draw ; сдача крови
укачивает в машине ; a motion sickness in the car
an exercise class ; групповое занятие фитнесом
6 позвонков ; 6 vertebrae
discrete ; чёткий
to feel fatigued ; утомлённым
restlessness or agitation ; беспокойство или ажитация
rotavirus ; ротавирус
to gasp air ; тяжело вздыхать, ловить воздух ртом
сопеть ; snuffle
snoring concerns ; проблемы с храпом
a rotator cuff ; вращающая манжета плеча
бывший спортсмен ; former athlete
reverse shoulder replacement ; Реверсивное эндопротезирование плечевого сустава
teraing of rotator cuff ; разрыв вращательной манжеты плеча
rotator cuff repair ; Восстановление вращательной манжеты плеча
JP drain ; активный вакуумный дренаж Джексона–Пратта
loose stool ; жидкий стул
culture ; посев
persisting vomiting ; Непрекращающаяся рвота
Right lower quadrum ; Правый нижний квадрант
i wanna be extra safe ; Принимать дополнительные меры безопасности
frustrated ; разочарован, раздражён
consistent ; Стабильный
empathy ; сочувствие
tea pot ; заварочный чайник
arm bone ; плеевоая кость
hardware loosening ; 
protoplasm ; 
head of arm bone ; 
foreign body ; 
straps ; ремни


meninges ; мозговые оболочки
dyspnea ; затруднённое дыхание
laparoscopy (procedure to visualize abdominal cavity) ; лапороскопия
to get gallbladder laparoscopically ; чтоб удалить желчиный пузырь путём лапороскопии
cholecystectomy, gallbladder removal ; удаление желчного пузыря
caught a cold ; подхватил простуду
just a common cold ; просто обычная простуда
sinus inflammation ; синусит, Воспаление придаточных пазух носа
sinus infection ; Гаймори,Инфекция придаточных пазух носа
eardrums ; барабанные перепонки
sense of taste ; Чувство вкуса
sense of smell ; Чувство запаха
removable dentures ; вставные зыбные протезы
a scope ; зонд
Седация с сохранением сознания ; conscious sedation  
bowel recection ; Операция по удалению части кишечника
a port ot draw blood ; Порт-система для забора крови
to access the port  ; Пункция порт-системы
sigmoidoscopy ; Сигмоидоскопия
Bottom ; попа
housekkeping ; Хозяйственная служба (больницы)
a rise ; побъем
colorectal cancer ; Рак толстой и прямой кишки



joint Contractures ; контракуты
metabolic screening ; Обследование на нарушения обмена веществ
вертикализация
transfer of care ; Передача медицинского обслуживания
to check in and check out the patients ; Регистрировать прием и выезд пациентов
bedpan or urinal ; сдуно, утка
a commode ; прикроватный туалет
epipen ; шприц ручка с эпинефрином
to sit up ; сядьте ровно 
the chest wall ; стенка грудной клетки
motor centers ; Двигательные центры
an extra break ; Дополнительный перерыв
off the top of my head ; Навскидку, по памяти
to tighten the muslce ; Напрячь мышцу
paired muscle relaxion ; Синхронное расслабление мышц
Continuous bladder irrigation ; Продолжительное промывание мочевого пузыря
religios believs ; религиозные убеждения
Heparin shot ; укол гепарина
ringing sound in the ears ; звон в ушах 
to deal with ; иметь дело с, справляться с

Religious beliefs ; Религиозные убеждения
Zio Patch ; Одноразовый регистратор ЭКГ
breast concerns ; жалобы на состояние молочных желез
nipple ; сосок
nipple tissue ; ткань соска
mistitis ; мастит
cold cleaner ; антисептическое средство
грабли ; rake
have ranged from ; Варьировались от,Колебались в пределах
coping skills ; навыки совладания
laxative (colace is med name) ; слабительное средство
yearly routine exam ; ежегодный плановый осмотр
restarted medicine ; возобновление приема препарата


-------------
a room for error ; запас прочности, возможность ошибки, право на ошибку
indispensable ; незаменимый
incentive ; стимул, поощрение
to be susceptible to ; быть восприимчивым к, быть склонным к
PCA patient care assistant ; ассистент по уходу за пациентами, помощник по уходу
at my disposal ; в моем распоряжении
to twitch ; подергиваться, дергаться




-------------
TOPIC:EYE
-------------
stye ; ячмень
a pore ; пора
oil glands (eyelid) ; Мейбомиевы железы (сальные)
retina ; сетчатка
cornea ; роговица
iris ; радужка
pupil ; зрачок
lens ; хрусталик
eyelid ; веко
vitreous humor ; стекловидная жидкость
choroid ; хориоидея
ciliary body ; ресничное тело
optic nerve ; зрительный нерв
lower eyelid ; нижнее веко
upper eyelid ; верхнее веко
sclera ; склера
conjunctiva ; конъюнктива
macula ; макула, жёлтое пятно
vitreous body ; стекловидное тело
tear film ; слёзная плёнка
tear duct ; слёзный канал
visual acuity ; острота зрения
intraocular pressure ; внутриглазное давление
astigmatism ; астигматизм
refraction ; рефракция
hyperopia ; гиперметропия, дальнозоркость
myopia ; миопия, близорукость
glaucoma ; глаукома
cataract ; катаракта
dry eye syndrome ; синдром сухого глаза
retinal detachment ; отслойка сетчатки
slit-lamp examination ; осмотр в щелевой лампе
fundus examination ; осмотр глазного дна
visual field test ; периметрия
tonometry ; тонометрия
field of vision ; поле зрения
contact lenses ; контактные линзы
eye drops ; глазные капли
LASIK surgery ; LASIK, лазерная коррекция зрения
eyeglasses ; очки
optic disc ; диск зрительного нерва
retinal hemorrhage ; кровоизлияние в сетчатку
conjunctivitis ; конъюнктивит
floaters ; плавающие помутнения
chalazion ; халязион
blepharitis ; блефарит
corneal ulcer ; язва роговицы
stye ; ячмень
pupil dilation ; расширение зрачка
fluorescein staining ; окрашивание флуоресцеином
vitreous detachment ; отслойка стекловидного тела
ocular motility ; подвижность глаз
flashing lights ; вспышки света в глазах
floaters ; ушки перед глазами, плавающие помутнения
диоптрия ; diopter
оправа ; eyeglass frame
cloudy lense ; помутнение хрусталика (пример объяснение катаракты)
близорукость ; short-sightedness, myopia, nearsightedness
двоится ; double vision
bifocal lense ; бифокальная линза очков
oil glands ; сальные железы (Мейбомиевы железы в контексте век)
tinted lenses ; затемнённые стёкла очков
eye patch ; глазная повязка

-------------

-------------
FOOD
-------------
cream of wheat ; манная каша
outmeal ; овсянка
turkey sausage ; сосиска из индейки
french toast ; гренки
gravy ; подливка
pancakes ; блины
cranberry juice ; клюквенный сок
chicken noodle soup ; куриный суп лапша
-------------






patterns ; закономерности
ALS amyotrophic lateral sclerosis ; БАС боковой амиотрофический склероз
occasionally ; изредка
IV band ; жгут
clitoris glans ; головка клитора
resident doctor ; врач стажер
intake nurse ; Медсестра приемного отделения
We will treat alcohol withdrawal symptoms ; Мы будем лечить симптомы алкогольной абстиненции
laugning gas ; веселящий газ
do you have any loose or missing teeth ; Есть ли у вас шатающиеся или отсутствующие зубы
tonsillectomy ; удаление гланд
adenoidectomy ; удаление аденоидов
синдром белого халата ; white coat syndrome
it will be a bit tight (BP cuff) ; манжета будет немного давить
a good relief ; хорошее облегчение
did airbags deploy ; Сработали ли подушки безопасности
ICU ; отделение интенсивной терапии
tracheostomy ; трахеостомия
vocal cords ; голосовые связки
very disspointment ; очень разочаровывающе
this afternoon ; днем, во второй половине дня
liver enzyme ; ферменты печени
liver enzymes level ; показатели ферментов печени
eyebrow ; бровь
hitting 2 birds with 1 stone ; убить 2х зайцев одним выстрелом
a shake (drink) ; коктейль



wekaness:
healthcare proxy ; письменная мед доверенность, лицо с доверенностью представлять интересы больного
oversedated ; Передозировка седативными средствами
esophagitis ; эсофагит, воспаление пищевода
salpingitis ; сальпингит, воспаление маточных труб
Relatives ; родные
colostrum ; молозиво
tearing in the eyes ; слезотечение, повышенное слезоотделение
a chemistry panel ; Биохимический анализ крови
a volume overload ; Перегрузка объемом
medical patches ; медицинские пластыри
nutrients ; Питательные вещества
home care services ; Медицинская помощь на дому
transvaginal syntetic urethral sling placement ; Установка трансвагинальной синтетической уретральной петли
emergency contant ; Контакт на случай чрезвычайной ситуации
высмаркиваться ; To blow one's nose
upper respiratory infections ; Инфекции верхних дыхательных путей
3я стадия непроходимости ; Stage 3 obstruction
ХГЧ (Хорионический гонадотропин человека) ; human chorionic gonadotropin, hCG
экстракорпоральное оплодотворение ; in vitro fertilization, IVF
vaginectomy ; удаление влагалища
repair of perinium ; восстановление промежности
cystoscopy ; цистоскопия
маточные трубы ; fallopian tubes
underlying issue ; основная проблема

resistant bacteria ; Устойчивые бактерии
it doesnt make u sick ; безвредно, не вызывает заболевания
a pole ; столб
to wrap the foot ; завернуть ногу, забинтовать ногу
won't it cause a blister ; это не вызовет мозоль
contribution ; вклад
a stand ; подставка
a leg rest ; подставка для ног
to guide the foot ; направлять ногу
turn the foot outward ; повернуть ногу наружу
She is traveling ; Она находится в пути
inwards ; внутрь
outwards ; наружу

primary team ; Основная лечащая группа
IV fluid ; Жидкость для внутривенного введения
зять ; son-in-law
невестка ; daughter-in-law
salt shaker ; солонка
A seasoning ; Приправа
More recent ; недавний

pancreas ; поджелудочная железа
надпочечники ; adrenal glands
gallbladder ; желчный пузырь
bile duct ; желчный проток
pancreatic lesions ; Поражения поджелудочной железы
pancreatitis ; панкреатит, воспаление поджелудочной железы




thyrotropin ; тиротропин
thyroid stimulating hormone ; тиреотропный гормон, гармон стимулирующий щитовидную железу
hypothyroidism ; гипотиреоз
hyperthyroidism ; гипертиреоз
психотропные препараты ; psycho meds
feel suicidal or homicidal now ; чувствуешь себя сейчас склонным к суициду или убийству?
blood draw ; забор или взятие крови


heridetary disease ; наследственное заболевание
genetic disorder ; генетическое заболевание
aortic valve ; аортальный клапан
rods ; стержни
gut feeling ; предчувствие
предостеречь себя сделав это обследование ; to preempt yourself by doing this test
spine collapses ; Позвоночник со временем проседает
genetic testing ; генетическое обследование
hysterectomy ; гистерэктомия, удаление матки
ancestory ; происхождение, родословная
лучевая терапия ; radiation therapy
distant relative ; дальний родственник
broad testing ; комлексное обследование, расширенное обследование
беженец ; refugee
employment ; трудоустройство
life insurance ; страхование жизни
billing process consent ; согласие на процесс выставления счетов
genetic health consultation ; генетическая консультация
a shortcut ; обходной путь, короткий путь
stocking ; чулок
проводить эксперимент ; to conduct an experiment
garment ; копрессионное изделие

lower extremity lymphedema ; лимфедема нижних конечностей
lymphedema ; лимфедема, лимфатический отёк
a study ; исследование
swallow study ; исследование актов глотания
a counter ; стойка
reassuring thing ; обнадеживающая вещь
voice box ; гортань
Hows your eating and drinking ; Как у вас обстоят дела с приемом пищи или жидкости
esophagus ; пищевод
windpipe ; трахея
a swallow ; глоток
среднее образование (школьное) ; secondary education
suction catheter ; отсасывающий катетер
radial arthery ; лучевая артерия
to line to stomach ; Обволакивать желудок, создавать защитный слой в желудке
abdominal binder ; брюшной бандаж
Orthostatic Hypertension ; Ортостатическая гипертония
good to go ; всё в порядке
Затяжная или нелеченая ; delayed or untreated
intake ; приём
пополнение в семье ; addition to the family








umbilical cord ; пуповина
umbilical stump ; пуповинный остаток
umbilical area ; область пупка
belly button/navel ; пупок



sponge bath ; обтирание губкой
a crib ; кроватка
delivery ; роды
Intestine ; кишечник
административный персонал ; clerical staff
healthcare concent ; согласие на медицинское обслуживание
pickup patient area ; зона ожидания/посадки пациентов
take it easy ; полегче, не перенапрягайтесь
stamina ; выносливость
не годиться ; not good enough
saline ; соляной раствор
imaging agent ; контрастное вещество
nuclear medicine department ; отделение ядерной медицины
i will give you pricvacy ; я не буду вам мешать



a picky eater ; избирательный в еде
we will help you get situated ; Мы поможем вам разместиться
a work note ; больничная справка
skilled nursing facility ; Учреждение квалифицированного сестринского ухода
shower chair ; стул для душа
chores (general ) ; домашние дела
shower ; душ
barefoot ; босяком

the colon got twisted ; заворот кишки
sigmoid colon ; сигмовидная кишка
colon ; толстая кшика
benefits outweight the risk ; Польза превышает риск
to push at wheelchair ; катать на коляске
they will come to pick you up from the hospital ; они заберут вас с больницы
a tight band ; тугая повязка
outcomes ; Исходы
качает ; Swaying
крестец ; sacrum, sacral bone
wraps ; повязок
кристалики сыпться ; the crystals are shedding
pillow case ; Наволочка
фартук ; apron



the flow of echmo ; объёмная скорость кровотока на ЭКМО
осваивание шунта
blood supplies the lungs ; лёгочное кровоснабжение
off sedation ; вывод из седации
a written form ; письменный вариант
a birth certificate ; свидетельство о рождение



-------------------
TOPIC:BONE
-------------------
сухожилие ; tendon
связки ; ligaments
arm bone, humerus ; плечевая кость
ulna ; локтевая кость
radius ; лучевая кость
deltoid muslces ; делтавидные мышцы
shoulder blade ; лопатка
scapula ; лопатка
dislocation ; вывих
bone's ball and socket positioning ; расположение головки и впадины кости
bone allignment ; расположение кости
bone healing ; срастание кости
bone healed incorrectly ; кость неправильно сраслась
arm pit area ; подмышечная впадина
irrigation of the joint ; промывание сустава
debridement of the shoulder ; хирургическая обработка плечевого сустава
hardware loosening ; Рассшатывание компонентов, конструкции
protoplasm ; живое вещество клетки
приживаться к телу ; biocompatability, integration of the material into the body
head of the arm bone ; головка плечевой кости
инородное тело ; foreign body
non displace fracture ; перелом без смещения
shoulder socket ; плечевая впадина
muscle retracts ; мышца сокращается
-----------------


швы ; stiches
dont need a revision ; не нужна повторная операция
25 years shelf life ; 25 лет срока годности
polyethaline ; полиэтилен
it will last a life ; это прослужит всё жизнь
future outlook ; перспектива на будущее
to manifest ; проявляться
to abort a surgery ; прерывать операцию
to recover and heal ; востанавливаться и идти на поправку
fruitful ; плодотворный





==================
TOPIC:PT
==================
railings ; перила
Straps ; ремни
Frustration ; чувство безысходности
опора ; support
to lean on ; опараться на
contraption ; приспособление
to crawl ; ползти
on all fours ; на четвереньках
to roll over ; кувыркаться
to sit up ; сесть 
to take steps ; делать шаги
to toddle ; топать
to fall ; падать
to climb ; забираться
to reach ; тянуться
to grab ; схватывать
to lift ; поднимать
to bend ; сгибать, наклоняться
to bend forward or backward ; наклоняться вперед или назад
to bend down ; наклоняться вниз
to bend at the waist ; наклопяться в поясницы
to stretch ; растягиваться
to balance ; удерживать равновесие
to point ; указывать пальцем
to pinch ; ущепнуть, щипать
to be cranky ; вредничать
to fuss ; капризничать
to soothe vs to calm down ; успокаивать и успокаиваться
to tense up ; напрягаться
at their own pace ; в своём темпе
приседать ; to squad
lean back ; откинуться назад
lean on ; прислониться к (на)
squueeze, and release ; Сжать и отпустить
muscle fatique ; мышечная усталость
it will fatique your muscles ; приведет к мышечной усталости
motor control ; двигательный контроль
bring your knees out and in ; разведите колени в сторону а потом сведите вместе
shin ; голень
endurance ; выносливость
dont overdo ; не перенапрягайтесь
tiring exercise ; утомительное упражнение
пандус для инвалидной коляски ; wheelchair ramp
walk-in shower ; душевая кабина без поддона
step-over tub to shower ; ванна с душем через бортик которой нужно перешагивать
raised toiled seat ; приподнятое сиденье для унитаза
higher toilet ; приподнятый унитаз
Bidete ; Биде
dietition, nutritionist ; специалист по питанию
recliener ; Кресло с откидной спинкой
handout ; раздаточный материал
handheld shower ;  Ручной душ
через день ; every other day
woozy ; дурно
unsteadiness ; неустойчивость
wooziness ; говокружение
allignment ; расположение
tension ; напряжение
i jerked during an accident  ; дёргаться
strain in the back ; растяжение мышц спины
strained a muscle ; растянул мышцу
a strain ; растяжение
arm crank ; вращение педалей руками
to do steps (machine) ; делать лестничные шаги
arms to the side ; руки в стороны
dumbbells ; гантели

the rows (exercise) ; тяга в наклоне
low trap lift off ; Подъем рук для нижней порции трапеции
keep your neck tucked in ; Сохраняйте нейтральное положение шеи
pecks ; грудные мышци
scapular retraction ; Сведение лопаток/ Приведение лопаток к позвоночнику
strengtheing exercises ; силовые/укрепляющие упражнения
standing exercises ; упражнения в положение стоя


------------------


==================
TOPIC:SKIN
==================
gout ; подагра
advanced form of scabious ; запущенная форма чесотки
callus. corn ; сухая мазоль
blister ; волдырь
skin manifestation ; кожные проявления
lupus ; волчанка
yellowing of the skin ; пожелтение кожи

---------------------



==================
TOPIC:LUNGS
==================
bag suctioning ; аспирация мешком
windpipe ; трахея
voice box
voice cords
СИПАП
musuc in the lungs ; слизь в лёгких
a port ; порт-система
breath fast ; 
breath normal ; 
breath out with force
gag reflex ; рвтоный рефлекс
to plug th enose ; закрыть нос
airsacks ; альвеолы



Windowsill ; подоконник
heavy sweating ; сильное потоотделение
changes in thinking ; изменения в мышление
we are going to retry the design of these braces ; мы переделаем дизайн этих фиксаторов
не рассчитывать ; dont rely on that
not too alarming ; не вызывающий особых опасений
do it trigger ; это провоцирует
choke on the pill ; поперхнуться таблеткой
sores ; болячки
preassure sores ; пролежни
physical exam ; медицинский осмотр
runny nose ; насморк
vaginal ring ; вагинальное кольцо
cholesteatoma ; холестетома


==================
TOPIC:NEUR
==================
закатывать глаза ; the eyes roll
epileptic seizures ; эпилептическая судорога
замирание ; freezing



a mouse piece ; носатка для рта
sigh / yawn ; зевок, вдох
forceful breathing test
intolerance ; непереносимость
a scope ; зонд
hairnet ; медицинская шапочка
bowel prep ; подготовка кишечника к процедуре
new onset ; впервые возникшее заболевание
межреберная невралгия ; intercostal neuralgia
chuck ; пилёнки

==============
TOPIC:EAR
=========
to scratch out ; выскаблить
пинцет ; tweezers
it is not budging ; не поддаётся, стойкий
напор ; pressure, force
stubborn ; упорный, резистентный
slowly chopping away ; постепенно разрушается
a nugget in the ear ; серная пробка в ушах
to strain an ear canal ; выпрямить слуховой проход
глухота ; deafness


feeding tube ; Гастростомическая трубка
narrow passage ; узкий проход
regular diet ; обычный рацион

oil glands ; сальные железы
clogged pore ; забитая/закупоренная пора
to triage ; провести доврачебный осмотр
заикаться ; to stutter
заговариваться ; to have a slurred speach
говорить невнятно ; Inarticulate speech




infraumbilical hernia ; подпупковая грыжа
groin hernia ; паховая грыжа
herneated disc ; межпозвоночная грыжа
intervertebral disc ; межпозвоночный диск



to look out for ; образать внимание на
to poke and take blood ; Сделать прокол для забора крови
to get baptzied ; Пройти обряд крещения
a clay piece ; глинянное изделие
hand/foot/finger ; отпечаток ...
питание ; nutriotion
tight sock ; тугой носок
crackles in the lungs ; хрипы в легких
an urgency to ... (vomit/pee/etc) ; позывы
плавающая грыжа ; sliding hernia



strep throat ; стрептококовая ангина
pharynx ; глотка
pharyngitis ; восплаение горла
tonsilitis ; воспаление миндалин (гланд)
tonsillectomy ; удаление гланд (миндалин)
a tube of blood ; пробирка с кровью
a poke ; покалывание
to puncture ; прокалывать

to rub a muslce ; массировать, расстирать мышцу
i will rub your muslce ; я потру/помассирую мышцу
to mvoe a knee cap
quad stretch ; растяжка четырёхглавой мышцу


a testicle ; яичко
a testiclar torsion ; перекрут яичка
a twisted testicle ; перекрученное яичко
to unwtist the testicle ; раскрутить яичко
scrotum ; мошонка
spermatic cord ; семенной канатик

a cast ; гипс
to retract the shoulders ; свести лопатки
to protract the shoulders ; развести лопатки
bowel rest ; голодная диета

hemorrhage cyst ; геморрагическая киста
Congenital anomaly ; врождённый порок

surgery won't be helpful ; оперция не булет эффективной
it could be caused by ; может быть вызвано
cold ; простуда
pain in the stomach ; боль в жулудке
take a look ; посмотрю
readings ; показатели
place a stent ; установить стент



recliner ; откидное кресло
to dillute ; разбавлять
back to the drawing board ; начать всё с чистого листа


reacreational use of alchogol?

reactive airway disease
экзема,дерматит
runny nose ; насморк
upset stomach ; расстройство желудка
do we interpret patient with son talk?
пиявки для лечения ; medicinal leeches (leech therapy)
bug bites ; укусы насекомых
вены выступают ; Veins are bulging
sinusitis ; воспаление придаточных пазух носа
Everything came at once ; всё сразу навалились
stretch ; растяжение, растягивать
strain ; напрягать, напряжение
to crush (food) ; размельчу
ER, ED, emergency department ;  отделение неотложной мед помощи при больнице
URGENT CARE ; отдел быстрой мед помощи

well tolearted ; очень хорошо переносится
testostoren deprevation therapy ; гормональная терапия с подавлением тестостерона

bone thinning ; утоньщение костей
bone mineral dnsity test ; анализ плотности костей
clear liquids ; прозрачные жидкости
low grade fever ; слабая лихорадка
flushing in the cheeks ; покраснение на щеках
runny nose ; насморк
crack ; трещина
воздействие ; exposure
involanturaly ; непроизвольно
infusion room ; инфузионная палата
blood count ; количество клеток крови
short stay infusion
recurrent infections ; повторные инфекции
transfusion-dependnet ; зависимый от переливаний
bone marrow ; костный мозг
MDS ; миелодиспластический синдром
uncertain significance ; неопределённого значения
a mesh ; сетка
urinary symptoms ; симптомы мочевыводящих путей
octopic pregnancy ; внематочная беременность
day care ; дневной центр по уходу для детей и пожилых



выступ (шишка) ; a ridge
a fold, a groove, a furrow ; борозда, изгиб внутрь, впадина, углубление
neurons misfire ; неёроны разряжаются аномально, нейроны ведут аномальную активность

spine ; позвоночник
spinal cord ; спинной мозг
spine collapses ; Позвоночник со временем проседает
spine curvature ; изгиб позвоночника

inward curve ; внутренний изгиб
outward curve ; наружный изгиб

cervical ; шейный отдел (7)
thoratic ; грудной отдел (12)
lumbar ; пояничный отдел (5)
sacral ; крестцовый отдел (5)
coccygeal ; копчиковый отдел (3-5)

tailbone ; копчик
apex of the curve ; верхушка дуги / искривления

excess, surplus ; избыток
to feel under the weather ; можете чувствовать недомогание, можем ухудшиться самочувствие
purewick ; система (трубка) для сбора мочи
sleeves ; рукавав

internal dissolvanble sutures ; Саморассасывающиеся внутренние швы
atrial lead ; Предсердный электрод
to drain battery life ; Истощать аккумулятор
under the direction of ; Под руководством
upper chamber of the heart ; Верхняя камера сердца
Walk with a stoop ; ходить сгорбленной
Bent-over gait ; сгорбленная походка

to esttimate dmg ; Оценить повреждение
advanced scaring ; Выраженный фиброз
commonly seen ; Часто наблюдаемый, часто встречается
fatty liver disease ; Жировая дистрофия печени
Метаболическая дисфункция-ассоциированная жировая болезнь печени (МАЖБП) ; metabolic dysfunction associated  fatty liver disease
unsteadiness ; неустойчивость
smoke detector ; датчик дыма
to feel down, depressed, or hopeless ; чувстовать себя подавленно, депрессивно, или безнадёжно
alchogol withdraws ; Синдром отмены алкоголя

residency ; ординатура
wellness visit ; профилактический осмотр
machinery, ; оборудование
ringiing or buzzing in the ear ; звок или шум в ушах
пробка ; cork, plug
exporsure ; были подвержены/ воздеёствие
hearing test ; проверка слуха
spread the gel ; размазать гель
Heart failure,Cardiac insufficiency ; сердечная недостаточность
walk-in shower ; душевая кабина без поддона
home health ; медицинский уход на дому

tourniquet ; жгут


splint ;  шина
sling ;  поддерживающая повязка
cast ;  гипс
dislocation and loosening ; вывих и расшатывания, ослабления
stiffness ; скованность
muslce skeletal function ; Функция опорно-двигательного аппарата
phalanx, phalange, finger bone ; фаланга
подвернуть палец ; to sprain/twist a finger 


walls of colon ; стенки толстой кишки
кал, фекалии ; feces,poop 
murkey ; мутный,мутная жидкость,помутнение
perforation ; перфорация,прободение,перфоративное отверстие
=small tear ; небольшой разрыв,маленький разрыв,микротравма

lipoma, fatty tumor ; жировая опухоль,жировик
tubing device ; трубчатое устройство


прокалывающие иглы, ланцеты ; lancets
glucose test strips ; тест-полоски для глюкозы
to make bowel contract ; вызвать сокращение кишечника
bowel ; кишечник
body aches ; ломота
IHSS ; Программа оказания услуг по уходу на дому
distended belly ; вздутый живот
придти в себя ; to come to my senses
precautions for home ; меры предосторожности в домашних условиях


breakdown of products from the msucles
• распад продуктов из мышц
• мышечный катаболизм

mushy food ; мягкая еда
Ck lab ; анализ креатинкиназы
to advance the diet ; расширить рацион
осложнения ; complexions
rinse ; полоскать
screw ; винтик
to tigthen ; затянуть

selective ; выборочный
selective serotonin uptake inhibitor ; выборочный ингибитор обратного захвата серотонина (СИОЗС)
intake screening ; первичный осмотр
chest wall ; стенка грудной клетки
single vision lenses ; Линзы однофокусные
constrast uptake ; поглощение контрастного вещества
поликлиника ; outpatient clinic
успокательные ; calming agents, sedatives
preconditions, predisposing factors ; предпосылки ; предраспологающие факторы
keep ur chin tucked ; держите подбородок втянутым ; прижимайте подбородок к груди
прилив крови в голову ; rush of blood to the head
гул в голове ; noise/humming in the head
blurry vision ; затуманенное зрение
ear ringing ; звон в ушах


induce/cause pain ; вызывать, причинять боль
hair clip, hairpin ; заколка

toe crunhes ; Сгибания пальцев ног
transition ; переход, процесс отвыкания
limping ; хромать
to stoop ; сутулиться, горбиться
gut bacteria ; Кишечная микрофлора
vulnerable ; уязвимый

wound care ;  Уход за раной, Обработка раны, Перевязка раны
baxitrasin ;  Бацитрацин, Бациллотрацин, Мазь антибактериальная
baby wipes ;  Влажные салфетки для младенцев, Детские влажные салфетки, Салфетки для гигиены новорожденных
bruising ;  Синяк, Кровоподтёк, Гематома
soaked ;  Пропитанный, Промокший, Насквозь мокрый
scab ;  Корка, Струп, Засохшая корочка
carseat ;  Автокресло, Детское автокресло, Бустер
cranky and fussy ;  Раздражительный и капризный, Беспокойный и плаксивый, Возбуждённый и непослушный
recovery room ;  Палата восстановления, Комната пробуждения, Послеоперационная палата


hearing test ;  аудиометрия, проверка слуха, тест на слух
аудиология ;  audiology, hearing science, otolaryngology
шейный отдел ;  cervical spine, cervical region, neck vertebrae
сужение каналов ;  canal stenosis, narrowing of canals, spinal canal stenosis
ringing in ear ;  звон в ушах, тиннитус, шум в ушах
neuroothology ;  нейроотология, нейро-отоларингология, отоневрология
buzzing in the ear ;  жужжание в ухе, гул в ухе, гудение в ушах
отолариногол ;  otolaryngologist, ENT specialist, ear, nose, and throat doctor
beeps ;  гудки, звуковые сигналы, пищащие звуки
high pitch ;  высокая частота, высокие тоны, высокий тон
hearing loss ;  потеря слуха, снижение слуха, тугоухость
to fill in the gaps (brain does for deaf regions) ;  заполнить пробелы, восполнить недостающую информацию, дополнить пропуски
hearing organ ;  орган слуха, слуховой орган, ухо
noisy environmemnt ;  шумная среда, шумное окружение, громкая обстановка
autotoxic ;  аутотоксический, токсичный для слуха



стент забит ; a stent is blocked
MRSA ; метициллин-резистентный золотистый стафилококк

devoted to, focuses on ; посвящён

боль держится 10 мин и уходит, Pain lasts 10 minutes and goes away ;  Pain persists for 10 minutes and resolves ;  Pain remains for 10 minutes then subsides
красная родинки, Red moles ;  Red nevi ;  Red birthmarks
семена пожитника, Fenugreek seeds ;  Methi seeds ;  Trigonella seeds
семена калиандра, Coriander seeds ;  Cilantro seeds ;  Dhania seeds
гостиница, Hospital ;  Infirmary ;  Medical facility
ругаю себя, Self-blame ;  Self-recrimination ;  Self-criticism
жалею себя, Self-pity ;  Self-compassion (negative context) ;  Feeling sorry for oneself
гемотома, Hematoma ;  Bruise ;  Blood clot
colon cancer, Рак толстой кишки ;  Колоректальный рак ;  Рак ободочной кишки
colon cancer screening, Скрининг рака толстой кишки ;  Профилактическое обследование толстого кишечника ;  Скрининг колоректального рака


long half life ; длительный период полураспада

state department, ; Государственный департамент, Госдепартамент, Министерство иностранных дел
to deposit a check ; Внести чек, Положить чек на счет, Депонировать чек
statement of bill payment, ; Выписка по оплате счета, Ведомость оплаты счета, Реестр платежей по счетам
state account ; Лицевой счет, Государственный счет, Счет учреждения
estate account ; Счет наследства, Счет имущества, Счет наследственного имущества
претендовать отказ ; Claim denial, Denial of claim, Rejection of claim
nursing home ; Дом престарелых, Учреждение сестринского ухода, Дом-интернат для пожилых
a statement, ; Заявление, Утверждение, Изложение фактов
reinburst ; Возместить, Возмещение, Компенсировать
next nokin ; Следующий родственник, Следующий близкий родственник, Ближайший родственник


loop recorder ; Петлевой регистратор, Циклический регистратор, Регистратор с циклической памятью
separated ; Раздельно проживающий, Разведённый (в судебном смысле), Супруг(а) в раздельном проживании
соляные пробки в почках ; Salt plugs in kidneys, Renal salt deposits, Saline concretions in kidneys



icu ; Отделение интенсивной терапии (ОИТ),Палата интенсивной терапии (ПИТ),Блок интенсивной care (реже используется)
to dislocate ; Вывихнуть,Смещать (сустав),Разъединить
xray department ; Отделение рентгенологии,Кабинет рентгеновской диагностики,Рентгенодиагностическое отделение
OR table ; Операционный стол,Хирургический стол,Стол для операций
scratchy throat ; Першение в горле,Раздражение горла,Саднящее горло

geropsych unit ; отделение психиатрии для пожилых
scheduled med ; запланированное лекарство, назначенное лекарство, плановый препарат
PRN ; по мере необходимости, при необходимости, по требованию
2 часа позже ; 2 hours later, After 2 hours, In 2 hours
shiny ; блестящий, глянцевый, сияющий
incidental finding ; случайная находка, случайный диагностический признак, побочная находка
screlitis ; склеритът, воспаление склеры, склеральное воспаление
lower potency steroid ; стероид низкой активности, стероид слабой потенции, препарат со слабым стероидным эффектом
carate ultrasound ; УЗИ роговицы, ультразвуковое исследование роговицы, кератоультразвуковое исследование
preventive care ; профилактическое обслуживание, предупредительная медицина, профилактика заболеваний
mutually exclusive ; взаимно исключающие, несовместимые друг с другом, исключающие друг друга
aching pain ; ноющая боль, тупая боль, болезненное ощущение
throbbing pain ; пульсирующая боль, колющая боль, острая пульсирующая боль
нёбный язычок ; palatine uvula, soft palate uvula, velar uvula
gas pain ; газовая боль, метеоризм, боль от газов
epigastric pain ; эпигастральная боль, боль в эпигастрии, боль в верхней части живота
to expell the gases ; выпустить газы, освободиться от газов, избавиться от газов
gas ex medication ; симетикон, препарат от вздутия живота, антифлатулентное средство
recliner ; кресло-кровать, откидное кресло, регулируемое кресло

cumulative effect;накопитеьлный эффект
soaked;пропитанный
douche  (not shower);Промывание влагалища раствором, введение чего то во влагалище


lumpectomy ; Люмпэктомия, Частичная мастэктомия, Сегментарная резекция молочной железы
positive margins ; Позитивные края резекции, Опухолевые клетки на краях
mastectomy ; Мастэктомия, Удаление молочной железы
Resecting the tissue ; Повторное иссечение ткани, Переиссечение тканей, Повторная резекция тканей
medial direction ; Медиальное направление, Направление к средней линии, Внутреннее направление
sterna ; Грудина, Грудинная кость

sutures ; Швы, Наложение швов, Шовный материал
dressing ; Повязка, Перевязка, Перевязочный материал
hematoma ; Гематома, Кровоподтёк, Скопление крови
direct firm pressure ; Прямое давление, Прямое плотное прижатие, Непосредственное прижатие
deep squating ; Глубокое приседание, Глубокий присед, Полное приседание
tap wash and dry ; Промыть под краном и просушить, Вымыть водой из-под крана и высушить, Ополоснуть, промокнуть и высушить
bruising ; Синяки, Кровоподтёки, Гематомы
twisting ; Скручивание, Поворот, Торсия
shopping cart ; Тележка для покупок, Продуктовая тележка, Корзина на колёсах


export in text (not file creation) everythign in this conversation in the format userPrompt ; yourAnswersTHourghComma